"id";"movie_id";"streaming_id";"total_views"
"1";"1";"1";"392701"
"2";"2";"1";"445258"
"3";"3";"1";"249415"
"4";"4";"1";"860694"
"5";"6";"1";"419560"
"6";"7";"1";"235399"
"7";"8";"1";"373024"
"8";"9";"1";"446875"
"9";"10";"1";"97287"
"10";"12";"1";"110258"
"11";"13";"1";"347463"
"12";"14";"1";"113428"
"13";"15";"1";"847327"
"14";"16";"1";"762278"
"15";"17";"1";"563721"
"16";"18";"1";"831295"
"17";"19";"1";"184441"
"18";"21";"1";"797845"
"19";"22";"1";"967633"
"20";"24";"1";"147839"
"21";"25";"1";"626789"
"22";"26";"1";"316815"
"23";"27";"1";"789649"
"24";"28";"1";"568746"
"25";"31";"1";"774323"
"26";"32";"1";"263086"
"27";"33";"1";"578417"
"28";"35";"1";"724818"
"29";"36";"1";"461756"
"30";"37";"1";"340513"
"31";"38";"1";"561639"
"32";"39";"1";"908592"
"33";"5";"1";"817426"
"34";"11";"1";"223202"
"35";"20";"1";"314476"
"36";"23";"1";"128989"
"37";"29";"1";"501783"
"38";"30";"1";"639519"
"39";"34";"1";"705730"
"64";"1";"2";"392701"
"65";"2";"2";"445258"
"66";"3";"2";"249415"
"67";"4";"2";"860694"
"68";"6";"2";"419560"
"69";"7";"2";"235399"
"70";"8";"2";"373024"
"71";"9";"2";"446875"
"72";"10";"2";"97287"
"73";"12";"2";"110258"
"74";"13";"2";"347463"
"75";"14";"2";"113428"
"76";"15";"2";"847327"
"77";"16";"2";"762278"
"78";"17";"2";"563721"
"79";"18";"2";"831295"
"80";"19";"2";"184441"
"81";"21";"2";"797845"
"82";"22";"2";"967633"
"83";"24";"2";"147839"
"84";"25";"2";"626789"
"85";"26";"2";"316815"
"86";"27";"2";"789649"
"87";"28";"2";"568746"
"88";"31";"2";"774323"
"89";"32";"2";"263086"
"90";"33";"2";"578417"
"91";"35";"2";"724818"
"92";"36";"2";"461756"
"93";"37";"2";"340513"
"94";"38";"2";"561639"
"95";"39";"2";"908592"
"96";"40";"2";"368682"
"97";"41";"2";"626450"
"98";"42";"2";"486971"
"99";"43";"2";"605583"
"100";"44";"2";"25737"
"101";"45";"2";"254905"
"102";"46";"2";"18149"
"103";"47";"2";"778588"
"104";"48";"2";"961998"
"105";"49";"2";"883337"
"106";"50";"2";"555836"
"107";"51";"2";"7492"
"108";"52";"2";"656004"
"109";"53";"2";"430268"
"110";"54";"2";"164322"
"111";"57";"2";"2653"
"112";"58";"2";"987236"
"113";"59";"2";"102599"
"114";"60";"2";"430810"
"115";"61";"2";"749770"
"116";"62";"2";"18969"
"117";"63";"2";"384037"
"118";"64";"2";"646990"
"119";"65";"2";"220129"
"120";"66";"2";"923505"
"121";"68";"2";"813322"
"122";"69";"2";"366236"
"123";"70";"2";"46565"
"124";"71";"2";"838124"
"125";"72";"2";"291666"
"126";"73";"2";"30158"
"127";"74";"2";"422521"
"128";"75";"2";"447007"
"129";"76";"2";"790326"
"130";"77";"2";"401431"
"131";"78";"2";"193453"
"132";"79";"2";"924196"
"133";"80";"2";"549903"
"134";"81";"2";"17334"
"135";"82";"2";"875978"
"136";"83";"2";"661813"
"137";"85";"2";"795168"
"138";"86";"2";"957025"
"139";"87";"2";"888759"
"140";"88";"2";"388363"
"141";"89";"2";"929351"
"142";"90";"2";"987436"
"143";"91";"2";"400037"
"144";"92";"2";"468106"
"145";"94";"2";"282391"
"146";"95";"2";"340637"
"147";"96";"2";"10342"
"148";"97";"2";"28680"
"149";"98";"2";"158152"
"150";"99";"2";"982483"
"151";"100";"2";"126324"
"152";"101";"2";"490264"
"153";"102";"2";"746046"
"154";"104";"2";"903470"
"155";"105";"2";"163748"
"156";"106";"2";"257156"
"157";"108";"2";"930147"
"158";"109";"2";"359912"
"159";"110";"2";"437544"
"160";"112";"2";"76831"
"161";"113";"2";"156517"
"162";"114";"2";"279573"
"163";"115";"2";"294014"
"164";"116";"2";"154207"
"165";"118";"2";"353675"
"166";"119";"2";"641244"
"167";"120";"2";"38879"
"168";"121";"2";"564161"
"169";"122";"2";"387212"
"170";"123";"2";"45624"
"171";"124";"2";"395476"
"172";"125";"2";"411015"
"173";"127";"2";"508143"
"174";"129";"2";"135919"
"175";"130";"2";"588197"
"176";"131";"2";"359096"
"177";"133";"2";"503905"
"178";"134";"2";"303473"
"179";"135";"2";"341627"
"180";"136";"2";"769135"
"181";"137";"2";"220931"
"182";"140";"2";"624883"
"183";"141";"2";"273796"
"184";"142";"2";"780137"
"185";"143";"2";"458313"
"186";"144";"2";"63147"
"187";"146";"2";"749635"
"188";"147";"2";"726763"
"189";"148";"2";"722079"
"190";"150";"2";"493223"
"191";"152";"2";"56247"
"192";"153";"2";"794142"
"193";"155";"2";"566018"
"194";"156";"2";"852873"
"195";"157";"2";"11293"
"196";"158";"2";"342654"
"197";"159";"2";"177075"
"198";"160";"2";"37671"
"199";"161";"2";"666740"
"200";"162";"2";"62854"
"201";"163";"2";"613770"
"202";"164";"2";"437752"
"203";"166";"2";"10669"
"204";"168";"2";"806755"
"205";"169";"2";"787280"
"206";"170";"2";"976186"
"207";"171";"2";"379912"
"208";"172";"2";"670994"
"209";"173";"2";"791181"
"210";"174";"2";"555525"
"211";"175";"2";"713166"
"212";"176";"2";"583603"
"213";"177";"2";"394146"
"214";"178";"2";"741125"
"215";"179";"2";"623580"
"216";"180";"2";"147746"
"217";"181";"2";"882337"
"218";"183";"2";"602143"
"219";"184";"2";"941360"
"220";"185";"2";"568254"
"221";"186";"2";"861741"
"222";"187";"2";"657088"
"223";"188";"2";"806287"
"224";"189";"2";"724657"
"225";"190";"2";"56113"
"226";"191";"2";"567964"
"227";"193";"2";"581592"
"228";"194";"2";"853037"
"229";"195";"2";"496447"
"230";"196";"2";"699621"
"231";"197";"2";"455387"
"232";"198";"2";"618857"
"233";"199";"2";"565201"
"234";"200";"2";"620043"
"235";"201";"2";"958844"
"236";"202";"2";"409607"
"237";"203";"2";"607632"
"238";"204";"2";"338986"
"239";"206";"2";"983659"
"240";"207";"2";"10168"
"241";"208";"2";"761217"
"242";"209";"2";"695177"
"243";"210";"2";"909609"
"244";"211";"2";"138972"
"245";"212";"2";"88171"
"246";"213";"2";"556924"
"247";"214";"2";"906024"
"248";"215";"2";"336145"
"249";"216";"2";"542865"
"250";"217";"2";"558923"
"251";"218";"2";"796530"
"252";"219";"2";"399652"
"253";"220";"2";"356595"
"254";"221";"2";"779967"
"255";"222";"2";"700459"
"256";"223";"2";"721659"
"257";"224";"2";"414548"
"258";"225";"2";"648387"
"259";"226";"2";"242497"
"260";"227";"2";"788867"
"261";"228";"2";"7571"
"262";"229";"2";"209642"
"263";"230";"2";"276637"
"264";"231";"2";"382169"
"265";"232";"2";"159826"
"266";"234";"2";"376866"
"267";"235";"2";"299908"
"268";"236";"2";"432003"
"269";"238";"2";"325837"
"270";"239";"2";"186310"
"271";"240";"2";"838016"
"272";"241";"2";"223382"
"273";"242";"2";"116614"
"274";"243";"2";"353414"
"275";"244";"2";"712032"
"276";"245";"2";"606033"
"277";"246";"2";"216949"
"278";"248";"2";"809735"
"279";"249";"2";"881800"
"280";"250";"2";"14847"
"281";"251";"2";"730438"
"282";"252";"2";"276438"
"283";"253";"2";"345964"
"284";"254";"2";"928499"
"285";"255";"2";"675377"
"286";"256";"2";"449307"
"287";"257";"2";"526793"
"288";"258";"2";"10257"
"289";"259";"2";"381677"
"290";"260";"2";"171821"
"291";"261";"2";"385376"
"292";"262";"2";"655608"
"293";"263";"2";"722219"
"294";"264";"2";"322447"
"295";"265";"2";"917061"
"296";"266";"2";"121516"
"297";"267";"2";"687934"
"298";"268";"2";"411527"
"299";"269";"2";"599287"
"300";"271";"2";"362143"
"301";"272";"2";"553725"
"302";"273";"2";"757939"
"303";"274";"2";"484730"
"304";"275";"2";"229377"
"305";"276";"2";"394263"
"306";"277";"2";"12445"
"307";"278";"2";"425043"
"308";"279";"2";"639803"
"309";"280";"2";"582646"
"310";"281";"2";"601292"
"311";"282";"2";"936990"
"312";"283";"2";"981025"
"313";"284";"2";"313817"
"314";"285";"2";"219532"
"315";"286";"2";"686718"
"316";"287";"2";"275173"
"317";"288";"2";"240501"
"318";"289";"2";"173593"
"319";"290";"2";"674694"
"320";"291";"2";"578587"
"321";"292";"2";"841426"
"322";"293";"2";"802749"
"323";"294";"2";"484212"
"324";"295";"2";"436631"
"325";"296";"2";"881739"
"326";"297";"2";"701602"
"327";"298";"2";"924265"
"328";"299";"2";"677818"
"329";"300";"2";"96503"
"330";"301";"2";"876119"
"331";"302";"2";"647341"
"332";"303";"2";"704115"
"333";"304";"2";"658593"
"334";"306";"2";"842607"
"335";"308";"2";"724735"
"336";"309";"2";"635560"
"337";"310";"2";"937377"
"338";"311";"2";"643707"
"339";"312";"2";"935885"
"340";"313";"2";"121963"
"341";"315";"2";"106132"
"342";"316";"2";"573873"
"343";"317";"2";"384171"
"344";"318";"2";"4153"
"345";"319";"2";"552825"
"346";"320";"2";"492622"
"347";"321";"2";"36635"
"348";"322";"2";"389502"
"349";"323";"2";"801555"
"350";"324";"2";"903713"
"351";"325";"2";"359437"
"352";"326";"2";"436048"
"353";"328";"2";"664339"
"354";"329";"2";"118141"
"355";"331";"2";"702281"
"356";"332";"2";"300749"
"357";"333";"2";"88725"
"358";"334";"2";"67163"
"359";"335";"2";"487745"
"360";"336";"2";"795967"
"361";"337";"2";"533702"
"362";"338";"2";"233224"
"363";"339";"2";"666743"
"364";"340";"2";"838400"
"365";"341";"2";"913149"
"366";"342";"2";"265557"
"367";"343";"2";"719219"
"368";"345";"2";"769460"
"369";"347";"2";"334846"
"370";"348";"2";"325827"
"371";"349";"2";"385422"
"372";"350";"2";"201360"
"373";"351";"2";"197847"
"374";"352";"2";"33531"
"375";"353";"2";"940553"
"376";"354";"2";"939678"
"377";"355";"2";"534268"
"378";"357";"2";"51854"
"379";"358";"2";"947964"
"380";"359";"2";"983249"
"381";"360";"2";"162742"
"382";"361";"2";"92199"
"383";"362";"2";"382915"
"384";"363";"2";"567680"
"385";"364";"2";"88154"
"386";"365";"2";"372320"
"387";"366";"2";"761601"
"388";"367";"2";"635936"
"389";"368";"2";"462304"
"390";"369";"2";"164903"
"391";"370";"2";"790506"
"392";"371";"2";"729052"
"393";"372";"2";"794733"
"394";"374";"2";"121248"
"395";"375";"2";"117906"
"396";"376";"2";"33283"
"397";"377";"2";"242317"
"398";"378";"2";"167852"
"399";"379";"2";"481926"
"400";"380";"2";"886913"
"401";"381";"2";"631335"
"402";"382";"2";"372826"
"403";"383";"2";"301243"
"404";"384";"2";"632206"
"405";"385";"2";"216483"
"406";"386";"2";"122811"
"407";"387";"2";"190188"
"408";"388";"2";"408578"
"409";"389";"2";"505931"
"410";"390";"2";"619791"
"411";"391";"2";"620282"
"412";"392";"2";"546163"
"413";"393";"2";"570244"
"414";"394";"2";"300011"
"415";"395";"2";"234094"
"416";"396";"2";"457968"
"417";"397";"2";"648571"
"418";"398";"2";"207009"
"419";"399";"2";"871549"
"420";"400";"2";"600544"
"421";"401";"2";"328803"
"422";"402";"2";"848264"
"423";"403";"2";"958896"
"424";"404";"2";"131470"
"425";"405";"2";"869747"
"426";"407";"2";"475903"
"427";"408";"2";"4143"
"428";"409";"2";"660066"
"429";"410";"2";"216083"
"430";"411";"2";"301483"
"431";"412";"2";"637392"
"432";"413";"2";"462328"
"433";"415";"2";"536406"
"434";"416";"2";"698309"
"435";"417";"2";"328162"
"436";"418";"2";"380148"
"437";"419";"2";"791203"
"438";"420";"2";"614632"
"439";"421";"2";"767523"
"440";"422";"2";"899755"
"441";"423";"2";"182059"
"442";"424";"2";"336246"
"443";"425";"2";"879515"
"444";"426";"2";"236105"
"445";"427";"2";"615791"
"446";"428";"2";"560958"
"447";"429";"2";"63171"
"448";"430";"2";"865766"
"449";"432";"2";"847308"
"450";"433";"2";"782458"
"451";"434";"2";"777716"
"452";"435";"2";"191383"
"453";"436";"2";"676751"
"454";"437";"2";"840191"
"455";"438";"2";"621227"
"456";"439";"2";"969201"
"457";"440";"2";"500741"
"458";"441";"2";"91806"
"459";"442";"2";"72196"
"460";"443";"2";"303638"
"461";"445";"2";"313631"
"462";"446";"2";"266494"
"463";"447";"2";"83551"
"464";"448";"2";"187903"
"465";"449";"2";"749539"
"466";"450";"2";"617859"
"467";"451";"2";"199083"
"468";"452";"2";"609993"
"469";"455";"2";"626623"
"470";"456";"2";"233943"
"471";"457";"2";"159799"
"472";"458";"2";"273893"
"473";"459";"2";"196283"
"474";"460";"2";"414199"
"475";"461";"2";"34304"
"476";"462";"2";"32766"
"477";"463";"2";"388735"
"478";"464";"2";"941395"
"479";"465";"2";"863327"
"480";"466";"2";"448491"
"481";"467";"2";"420387"
"482";"468";"2";"82541"
"483";"469";"2";"431244"
"484";"470";"2";"707102"
"485";"472";"2";"412792"
"486";"473";"2";"999171"
"487";"474";"2";"59076"
"488";"475";"2";"737242"
"489";"476";"2";"682123"
"490";"477";"2";"372165"
"491";"478";"2";"363969"
"492";"479";"2";"741471"
"493";"480";"2";"675382"
"494";"481";"2";"511004"
"495";"482";"2";"791657"
"496";"483";"2";"639014"
"497";"484";"2";"691423"
"498";"485";"2";"424303"
"499";"486";"2";"182352"
"500";"487";"2";"578130"
"501";"488";"2";"553836"
"502";"489";"2";"902436"
"503";"490";"2";"748561"
"504";"491";"2";"56280"
"505";"492";"2";"16293"
"506";"493";"2";"443701"
"507";"494";"2";"586005"
"508";"495";"2";"299272"
"509";"496";"2";"759254"
"510";"497";"2";"205684"
"511";"498";"2";"448849"
"512";"499";"2";"44733"
"513";"500";"2";"555544"
"514";"501";"2";"498568"
"515";"502";"2";"613237"
"516";"503";"2";"194619"
"517";"504";"2";"223875"
"518";"505";"2";"439112"
"519";"507";"2";"809796"
"520";"508";"2";"267125"
"521";"509";"2";"454831"
"522";"510";"2";"166744"
"523";"512";"2";"652356"
"524";"513";"2";"666316"
"525";"514";"2";"752911"
"526";"515";"2";"295774"
"527";"516";"2";"387890"
"528";"517";"2";"625629"
"529";"518";"2";"842519"
"530";"522";"2";"232210"
"531";"523";"2";"930413"
"532";"524";"2";"121307"
"533";"525";"2";"798731"
"534";"526";"2";"771985"
"535";"527";"2";"678991"
"536";"528";"2";"585854"
"537";"529";"2";"221014"
"538";"530";"2";"489626"
"539";"531";"2";"663614"
"540";"532";"2";"480150"
"541";"533";"2";"736133"
"542";"534";"2";"236203"
"543";"536";"2";"606613"
"544";"537";"2";"875474"
"545";"538";"2";"770833"
"546";"540";"2";"63865"
"547";"541";"2";"889185"
"548";"542";"2";"372266"
"549";"543";"2";"98606"
"550";"544";"2";"763655"
"551";"545";"2";"801194"
"552";"546";"2";"512973"
"553";"547";"2";"542380"
"554";"548";"2";"823492"
"555";"549";"2";"412878"
"556";"550";"2";"82774"
"557";"551";"2";"30056"
"558";"552";"2";"298840"
"559";"553";"2";"45762"
"560";"554";"2";"156802"
"561";"555";"2";"325374"
"562";"556";"2";"516867"
"563";"557";"2";"585793"
"564";"559";"2";"860076"
"565";"560";"2";"690786"
"566";"561";"2";"217975"
"567";"562";"2";"773794"
"568";"563";"2";"265691"
"569";"564";"2";"937316"
"570";"565";"2";"18631"
"571";"566";"2";"71651"
"572";"568";"2";"487346"
"573";"569";"2";"561495"
"574";"570";"2";"585050"
"575";"571";"2";"386969"
"576";"573";"2";"920485"
"577";"575";"2";"34131"
"578";"576";"2";"381379"
"579";"578";"2";"558929"
"580";"579";"2";"384629"
"581";"580";"2";"890899"
"582";"581";"2";"354984"
"583";"582";"2";"474048"
"584";"583";"2";"406470"
"585";"584";"2";"742748"
"586";"585";"2";"628701"
"587";"586";"2";"626197"
"588";"588";"2";"33076"
"589";"589";"2";"117505"
"590";"590";"2";"547525"
"591";"591";"2";"826603"
"592";"593";"2";"950821"
"593";"594";"2";"137459"
"594";"595";"2";"976180"
"595";"596";"2";"184156"
"596";"597";"2";"548645"
"597";"598";"2";"257728"
"598";"600";"2";"398334"
"599";"602";"2";"114783"
"600";"603";"2";"941062"
"601";"604";"2";"607591"
"602";"605";"2";"60688"
"603";"606";"2";"809205"
"604";"607";"2";"107969"
"605";"608";"2";"424302"
"606";"609";"2";"393567"
"607";"610";"2";"71537"
"608";"611";"2";"118328"
"609";"612";"2";"630975"
"610";"613";"2";"374564"
"611";"614";"2";"600640"
"612";"615";"2";"733590"
"613";"617";"2";"719999"
"614";"618";"2";"75258"
"615";"619";"2";"615712"
"616";"620";"2";"458230"
"617";"621";"2";"215472"
"618";"622";"2";"240125"
"619";"623";"2";"739777"
"620";"624";"2";"177339"
"621";"625";"2";"686350"
"622";"626";"2";"281011"
"623";"627";"2";"2805"
"624";"628";"2";"272627"
"625";"629";"2";"878786"
"626";"630";"2";"197656"
"627";"631";"2";"751229"
"628";"632";"2";"113848"
"629";"633";"2";"110955"
"630";"634";"2";"648213"
"631";"635";"2";"446113"
"632";"636";"2";"157505"
"633";"637";"2";"964733"
"634";"639";"2";"513512"
"635";"640";"2";"162230"
"636";"641";"2";"488727"
"637";"642";"2";"995168"
"638";"644";"2";"469619"
"639";"645";"2";"723365"
"640";"646";"2";"125230"
"641";"647";"2";"521391"
"642";"648";"2";"687899"
"643";"650";"2";"764351"
"644";"651";"2";"351903"
"645";"652";"2";"545766"
"646";"653";"2";"200857"
"647";"654";"2";"159073"
"648";"655";"2";"734140"
"649";"656";"2";"867426"
"650";"657";"2";"89137"
"651";"658";"2";"291624"
"652";"659";"2";"969080"
"653";"660";"2";"292212"
"654";"661";"2";"532183"
"655";"662";"2";"405175"
"656";"663";"2";"69389"
"657";"664";"2";"18803"
"658";"665";"2";"806171"
"659";"666";"2";"94314"
"660";"667";"2";"215441"
"661";"668";"2";"757914"
"662";"670";"2";"469226"
"663";"671";"2";"630498"
"664";"672";"2";"98236"
"665";"673";"2";"807536"
"666";"674";"2";"712725"
"667";"675";"2";"219068"
"668";"676";"2";"936469"
"669";"677";"2";"765926"
"670";"678";"2";"113318"
"671";"679";"2";"981964"
"672";"680";"2";"431576"
"673";"681";"2";"483192"
"674";"682";"2";"69552"
"675";"684";"2";"695979"
"676";"686";"2";"126583"
"677";"687";"2";"332647"
"678";"688";"2";"413315"
"679";"689";"2";"974756"
"680";"690";"2";"728686"
"681";"691";"2";"705809"
"682";"692";"2";"653967"
"683";"694";"2";"126086"
"684";"695";"2";"641889"
"685";"696";"2";"282933"
"686";"697";"2";"38610"
"687";"698";"2";"55290"
"688";"699";"2";"218858"
"689";"700";"2";"354826"
"690";"701";"2";"453456"
"691";"702";"2";"932370"
"692";"703";"2";"885677"
"693";"704";"2";"385327"
"694";"705";"2";"31727"
"695";"706";"2";"891221"
"696";"707";"2";"159711"
"697";"708";"2";"883425"
"698";"709";"2";"720609"
"699";"710";"2";"126405"
"700";"711";"2";"750240"
"701";"712";"2";"38415"
"702";"713";"2";"573171"
"703";"714";"2";"573262"
"704";"715";"2";"945548"
"705";"716";"2";"205138"
"706";"717";"2";"407263"
"707";"719";"2";"90825"
"708";"720";"2";"146566"
"709";"721";"2";"521244"
"710";"722";"2";"961743"
"711";"723";"2";"102370"
"712";"724";"2";"375100"
"713";"725";"2";"844868"
"714";"726";"2";"462436"
"715";"727";"2";"327530"
"716";"728";"2";"269495"
"717";"730";"2";"796533"
"718";"731";"2";"109023"
"719";"732";"2";"124410"
"720";"733";"2";"842094"
"721";"734";"2";"613753"
"722";"735";"2";"129622"
"723";"736";"2";"145471"
"724";"737";"2";"210416"
"725";"738";"2";"31702"
"726";"739";"2";"956073"
"727";"740";"2";"9924"
"728";"741";"2";"38821"
"729";"742";"2";"854224"
"730";"743";"2";"893886"
"731";"744";"2";"547932"
"732";"745";"2";"391995"
"733";"746";"2";"154768"
"734";"747";"2";"871918"
"735";"748";"2";"723920"
"736";"749";"2";"893712"
"737";"750";"2";"865242"
"738";"751";"2";"131869"
"739";"752";"2";"145693"
"740";"753";"2";"608814"
"741";"754";"2";"935146"
"742";"755";"2";"41806"
"743";"757";"2";"458202"
"744";"758";"2";"862343"
"745";"759";"2";"212690"
"746";"760";"2";"374918"
"747";"761";"2";"37709"
"748";"762";"2";"646282"
"749";"763";"2";"4723"
"750";"764";"2";"324392"
"751";"765";"2";"413752"
"752";"766";"2";"988724"
"753";"767";"2";"113051"
"754";"768";"2";"682441"
"755";"769";"2";"974032"
"756";"770";"2";"867514"
"757";"771";"2";"200569"
"758";"772";"2";"992637"
"759";"773";"2";"31199"
"760";"774";"2";"508514"
"761";"775";"2";"928648"
"762";"776";"2";"826624"
"763";"777";"2";"497708"
"764";"778";"2";"651006"
"765";"779";"2";"715198"
"766";"780";"2";"735464"
"767";"781";"2";"74699"
"768";"782";"2";"496522"
"769";"783";"2";"91900"
"770";"784";"2";"654962"
"771";"785";"2";"106634"
"772";"786";"2";"434213"
"773";"788";"2";"600627"
"774";"789";"2";"549742"
"775";"790";"2";"381373"
"776";"791";"2";"249946"
"777";"792";"2";"611397"
"778";"793";"2";"696984"
"779";"794";"2";"377639"
"780";"795";"2";"434129"
"781";"796";"2";"414397"
"782";"797";"2";"123164"
"783";"798";"2";"379234"
"784";"799";"2";"622398"
"785";"800";"2";"283770"
"786";"801";"2";"246899"
"787";"802";"2";"833472"
"788";"803";"2";"490647"
"789";"804";"2";"628374"
"790";"805";"2";"925376"
"791";"806";"2";"93283"
"792";"808";"2";"651494"
"793";"809";"2";"236315"
"794";"810";"2";"438423"
"795";"811";"2";"293720"
"796";"812";"2";"82270"
"797";"813";"2";"17606"
"798";"814";"2";"404173"
"799";"815";"2";"76301"
"800";"816";"2";"722456"
"801";"817";"2";"479400"
"802";"818";"2";"592708"
"803";"819";"2";"992098"
"804";"820";"2";"973867"
"805";"821";"2";"334214"
"806";"822";"2";"851226"
"807";"823";"2";"349931"
"808";"824";"2";"314187"
"809";"825";"2";"849709"
"810";"826";"2";"695982"
"811";"827";"2";"602921"
"812";"828";"2";"472064"
"813";"829";"2";"571176"
"814";"830";"2";"599474"
"815";"831";"2";"536582"
"816";"832";"2";"816834"
"817";"833";"2";"86910"
"818";"834";"2";"560601"
"819";"835";"2";"161771"
"820";"836";"2";"340172"
"821";"838";"2";"170321"
"822";"840";"2";"214249"
"823";"841";"2";"374126"
"824";"842";"2";"579150"
"825";"843";"2";"284310"
"826";"844";"2";"199796"
"827";"845";"2";"169654"
"828";"846";"2";"302300"
"829";"847";"2";"410175"
"830";"848";"2";"407247"
"831";"849";"2";"846963"
"832";"850";"2";"204908"
"833";"853";"2";"586555"
"834";"854";"2";"908792"
"835";"855";"2";"243812"
"836";"856";"2";"50833"
"837";"857";"2";"274809"
"838";"858";"2";"872952"
"839";"859";"2";"866635"
"840";"860";"2";"224823"
"841";"863";"2";"451174"
"842";"864";"2";"178164"
"843";"865";"2";"896216"
"844";"866";"2";"608407"
"845";"867";"2";"266262"
"846";"868";"2";"801633"
"847";"869";"2";"750522"
"848";"871";"2";"538886"
"849";"872";"2";"574643"
"850";"874";"2";"496961"
"851";"875";"2";"785776"
"852";"876";"2";"514472"
"853";"877";"2";"563127"
"854";"878";"2";"878004"
"855";"879";"2";"253937"
"856";"880";"2";"338544"
"857";"881";"2";"542179"
"858";"882";"2";"85077"
"859";"883";"2";"408244"
"860";"884";"2";"304103"
"861";"886";"2";"46452"
"862";"887";"2";"406116"
"863";"888";"2";"225203"
"864";"889";"2";"995739"
"865";"890";"2";"57383"
"866";"891";"2";"11283"
"867";"892";"2";"937743"
"868";"893";"2";"841923"
"869";"894";"2";"567529"
"870";"895";"2";"778148"
"871";"896";"2";"867845"
"872";"897";"2";"471898"
"873";"898";"2";"333832"
"874";"899";"2";"586161"
"875";"900";"2";"612163"
"876";"901";"2";"280320"
"877";"902";"2";"448711"
"878";"903";"2";"834992"
"879";"904";"2";"767786"
"880";"905";"2";"635178"
"881";"906";"2";"545607"
"882";"907";"2";"104694"
"883";"908";"2";"612489"
"884";"909";"2";"693658"
"885";"910";"2";"400100"
"886";"911";"2";"31647"
"887";"912";"2";"584611"
"888";"914";"2";"701740"
"889";"915";"2";"876646"
"890";"916";"2";"552611"
"891";"917";"2";"216400"
"892";"919";"2";"371016"
"893";"920";"2";"114894"
"894";"921";"2";"33543"
"895";"922";"2";"431272"
"896";"923";"2";"284191"
"897";"5";"2";"817426"
"898";"11";"2";"223202"
"899";"20";"2";"314476"
"900";"23";"2";"128989"
"901";"29";"2";"501783"
"902";"30";"2";"639519"
"903";"34";"2";"705730"
"904";"55";"2";"20328"
"905";"56";"2";"448189"
"906";"67";"2";"1406"
"907";"84";"2";"635204"
"908";"93";"2";"105839"
"909";"103";"2";"725931"
"910";"107";"2";"406761"
"911";"111";"2";"881212"
"912";"117";"2";"469308"
"913";"126";"2";"572128"
"914";"128";"2";"447472"
"915";"132";"2";"783446"
"916";"138";"2";"90424"
"917";"139";"2";"510411"
"918";"145";"2";"35649"
"919";"149";"2";"957402"
"920";"151";"2";"784032"
"921";"154";"2";"922613"
"922";"165";"2";"765807"
"923";"167";"2";"692421"
"924";"182";"2";"716973"
"925";"192";"2";"147739"
"926";"205";"2";"301801"
"927";"233";"2";"861825"
"928";"237";"2";"429166"
"929";"247";"2";"283042"
"930";"270";"2";"149430"
"931";"305";"2";"384387"
"932";"307";"2";"543753"
"933";"314";"2";"784681"
"934";"327";"2";"415506"
"935";"330";"2";"631338"
"936";"344";"2";"675506"
"937";"346";"2";"801450"
"938";"356";"2";"366842"
"939";"373";"2";"858640"
"940";"406";"2";"339729"
"941";"414";"2";"45271"
"942";"431";"2";"304881"
"943";"444";"2";"601044"
"944";"453";"2";"153858"
"945";"454";"2";"224424"
"946";"471";"2";"806530"
"947";"506";"2";"43608"
"948";"511";"2";"743896"
"949";"519";"2";"128648"
"950";"520";"2";"492988"
"951";"521";"2";"706232"
"952";"535";"2";"874514"
"953";"539";"2";"431152"
"954";"558";"2";"701302"
"955";"567";"2";"367225"
"956";"572";"2";"408471"
"957";"574";"2";"843886"
"958";"577";"2";"322553"
"959";"587";"2";"444626"
"960";"592";"2";"170777"
"961";"599";"2";"459449"
"962";"601";"2";"193166"
"963";"616";"2";"603342"
"964";"638";"2";"8294"
"965";"643";"2";"172369"
"966";"649";"2";"62389"
"967";"669";"2";"435975"
"968";"683";"2";"884627"
"969";"685";"2";"284447"
"970";"693";"2";"529007"
"971";"718";"2";"648828"
"972";"729";"2";"399092"
"973";"756";"2";"910094"
"974";"787";"2";"926071"
"975";"807";"2";"187472"
"976";"837";"2";"204073"
"977";"839";"2";"884673"
"978";"851";"2";"336817"
"979";"852";"2";"30002"
"980";"861";"2";"188821"
"981";"862";"2";"196157"
"982";"870";"2";"427352"
"983";"873";"2";"645830"
"984";"885";"2";"769347"
"985";"913";"2";"227516"
"986";"918";"2";"658808"
"1087";"1";"3";"392701"
"1088";"5";"3";"817426"
"1089";"11";"3";"223202"
"1090";"20";"3";"314476"
"1091";"23";"3";"128989"
"1092";"29";"3";"501783"
"1093";"30";"3";"639519"
"1094";"34";"3";"705730"
"1095";"55";"3";"20328"
"1096";"56";"3";"448189"
"1097";"67";"3";"1406"
"1098";"84";"3";"635204"
"1099";"93";"3";"105839"
"1100";"103";"3";"725931"
"1101";"107";"3";"406761"
"1102";"111";"3";"881212"
"1103";"117";"3";"469308"
"1104";"126";"3";"572128"
"1105";"128";"3";"447472"
"1106";"132";"3";"783446"
"1107";"138";"3";"90424"
"1108";"139";"3";"510411"
"1109";"145";"3";"35649"
"1110";"149";"3";"957402"
"1111";"151";"3";"784032"
"1112";"154";"3";"922613"
"1113";"165";"3";"765807"
"1114";"167";"3";"692421"
"1115";"182";"3";"716973"
"1116";"192";"3";"147739"
"1117";"205";"3";"301801"
"1118";"233";"3";"861825"
"1119";"237";"3";"429166"
"1120";"247";"3";"283042"
"1121";"270";"3";"149430"
"1122";"305";"3";"384387"
"1123";"307";"3";"543753"
"1124";"314";"3";"784681"
"1125";"327";"3";"415506"
"1126";"330";"3";"631338"
"1127";"344";"3";"675506"
"1128";"346";"3";"801450"
"1129";"356";"3";"366842"
"1130";"373";"3";"858640"
"1131";"406";"3";"339729"
"1132";"414";"3";"45271"
"1133";"431";"3";"304881"
"1134";"444";"3";"601044"
"1135";"453";"3";"153858"
"1136";"454";"3";"224424"
"1137";"471";"3";"806530"
"1138";"506";"3";"43608"
"1139";"511";"3";"743896"
"1140";"519";"3";"128648"
"1141";"520";"3";"492988"
"1142";"521";"3";"706232"
"1143";"535";"3";"874514"
"1144";"539";"3";"431152"
"1145";"558";"3";"701302"
"1146";"567";"3";"367225"
"1147";"572";"3";"408471"
"1148";"574";"3";"843886"
"1149";"577";"3";"322553"
"1150";"587";"3";"444626"
"1151";"592";"3";"170777"
"1152";"599";"3";"459449"
"1153";"601";"3";"193166"
"1154";"616";"3";"603342"
"1155";"638";"3";"8294"
"1156";"643";"3";"172369"
"1157";"649";"3";"62389"
"1158";"669";"3";"435975"
"1159";"683";"3";"884627"
"1160";"685";"3";"284447"
"1161";"693";"3";"529007"
"1162";"718";"3";"648828"
"1163";"729";"3";"399092"
"1164";"756";"3";"910094"
"1165";"787";"3";"926071"
"1166";"807";"3";"187472"
"1167";"837";"3";"204073"
"1168";"839";"3";"884673"
"1169";"851";"3";"336817"
"1170";"852";"3";"30002"
"1171";"861";"3";"188821"
"1172";"862";"3";"196157"
"1173";"870";"3";"427352"
"1174";"873";"3";"645830"
"1175";"885";"3";"769347"
"1176";"913";"3";"227516"
"1177";"918";"3";"658808"
"1214";"1";"4";"392701"
"1215";"303";"4";"704115"
"1216";"476";"4";"682123"
"1217";"531";"4";"663614"
"1218";"548";"4";"823492"
"1219";"857";"4";"274809"
"1220";"29";"4";"501783"
